UPDATE TOURIST_ITINERARY SET PREREQUISITE=null;
DELETE FROM TOURIST_ITINERARY;
DELETE FROM MISSION;
DELETE FROM VESSEL;
DELETE FROM FLIGHT;
DELETE FROM TOURIST;

INSERT INTO TOURIST VALUES('CALDEN',  'SUBSEQUENT');
INSERT INTO TOURIST VALUES('ERFEL',   'SUBSEQUENT');
INSERT INTO TOURIST VALUES('FERMORE', 'SUBSEQUENT');
INSERT INTO TOURIST VALUES('GERGAN',  'KERBIN');
INSERT INTO TOURIST VALUES('GILBURRY','KERBIN');
INSERT INTO TOURIST VALUES('GILLIN',  'KERBIN');
INSERT INTO TOURIST VALUES('MOLY',    'SUBSEQUENT');
INSERT INTO TOURIST VALUES('SUFEN',   'SUBSEQUENT');
INSERT INTO TOURIST VALUES('TIBIN',   'SUBSEQUENT');
INSERT INTO TOURIST VALUES('TOMSKI',  'KERBIN');
INSERT INTO TOURIST VALUES('VALLAN',  'KERBIN');

INSERT INTO FLIGHT VALUES(1,  'SUBSEQUENT', 'KERBIN',     'MINMUS', 3);
INSERT INTO FLIGHT VALUES(2,  'KERBIN',     'SUBSEQUENT', null,     3);
INSERT INTO FLIGHT VALUES(3,  'SUBSEQUENT', 'KERBIN',     null,     3);
INSERT INTO FLIGHT VALUES(4,  'SUBSEQUENT', 'MUTE',       null,     3);
INSERT INTO FLIGHT VALUES(5,  'MUTE',       'KERBIN',     null,     3);
INSERT INTO FLIGHT VALUES(6,  'KERBIN',     'MUTE',       null,     3);
INSERT INTO FLIGHT VALUES(7,  'MUTE',       'MINMUS',     null,     2);
INSERT INTO FLIGHT VALUES(8,  'MINMUS',     'MUTE',       null,     2);
INSERT INTO FLIGHT VALUES(9,  'KERBIN',     'KERBIN',     'MINMUS', 3);
INSERT INTO FLIGHT VALUES(10, 'SUBSEQUENT', 'MUN',        null,     2);
INSERT INTO FLIGHT VALUES(11, 'MUN',        'SUBSEQUENT', null,     2);
INSERT INTO FLIGHT VALUES(12, 'KERBIN',     'KERBIN',     'MUN',    3);

INSERT INTO VESSEL VALUES ('ADORABLE',    'MUTE',       2);
INSERT INTO VESSEL VALUES ('EDUCATED',    'SUBSEQUENT', 3);
INSERT INTO VESSEL VALUES ('SYNONYMOUS',  'SUBSEQUENT', 2);
INSERT INTO VESSEL VALUES ('YOUTHFUL',    'SUBSEQUENT',  3);

-- NO MISSIONS

INSERT INTO TOURIST_ITINERARY VALUES (89,  'FERMORE',  1,  null,   null);
INSERT INTO TOURIST_ITINERARY VALUES (91,  'TIBIN',    1,  null,   null);
INSERT INTO TOURIST_ITINERARY VALUES (93,  'CALDEN',   3,  null,   null);
INSERT INTO TOURIST_ITINERARY VALUES (113, 'SUFEN',    4,  null,   null);
INSERT INTO TOURIST_ITINERARY VALUES (114, 'SUFEN',    7,   113,   null);
INSERT INTO TOURIST_ITINERARY VALUES (115, 'SUFEN',    8,   114,   null);
INSERT INTO TOURIST_ITINERARY VALUES (116, 'SUFEN',    5,   115,   null);
INSERT INTO TOURIST_ITINERARY VALUES (117, 'VALLAN',  12,  null,   null);
INSERT INTO TOURIST_ITINERARY VALUES (121, 'ERFEL',    3,  null,   null);
INSERT INTO TOURIST_ITINERARY VALUES (127, 'MOLY',    10,  null,   null);
INSERT INTO TOURIST_ITINERARY VALUES (128, 'MOLY',    11,   127,   null);
INSERT INTO TOURIST_ITINERARY VALUES (129, 'MOLY',     4,   128,   null);
INSERT INTO TOURIST_ITINERARY VALUES (130, 'MOLY',     7,   129,   null);
INSERT INTO TOURIST_ITINERARY VALUES (131, 'MOLY',     8,   130,   null);
INSERT INTO TOURIST_ITINERARY VALUES (132, 'MOLY',     5,   131,   null);
INSERT INTO TOURIST_ITINERARY VALUES (133, 'GERGAN',   2,  null,   null);
INSERT INTO TOURIST_ITINERARY VALUES (134, 'GERGAN',   3,   133,   null);
INSERT INTO TOURIST_ITINERARY VALUES (135, 'GILBURRY', 2,  null,   null);
INSERT INTO TOURIST_ITINERARY VALUES (136, 'GILBURRY', 4,   135,   null);
INSERT INTO TOURIST_ITINERARY VALUES (137, 'GILBURRY', 7,   136,   null);
INSERT INTO TOURIST_ITINERARY VALUES (138, 'GILBURRY', 8,   137,   null);
INSERT INTO TOURIST_ITINERARY VALUES (139, 'GILBURRY', 5,   138,   null);
INSERT INTO TOURIST_ITINERARY VALUES (140, 'TOMSKI',  12,  null,   null);
INSERT INTO TOURIST_ITINERARY VALUES (141, 'TOMSKI',   6,  null,   null);
INSERT INTO TOURIST_ITINERARY VALUES (142, 'TOMSKI',   7,   141,   null);
INSERT INTO TOURIST_ITINERARY VALUES (143, 'TOMSKI',   8,   142,   null);
INSERT INTO TOURIST_ITINERARY VALUES (144, 'TOMSKI',   5,   143,   null);
INSERT INTO TOURIST_ITINERARY VALUES (145, 'GILLIN',   9,  null,   null);