UPDATE TOURIST_ITINERARY SET PREREQUISITE=null;
DELETE FROM TOURIST_ITINERARY;
DELETE FROM MISSION;
DELETE FROM VESSEL;
DELETE FROM FLIGHT;
DELETE FROM TOURIST;

INSERT INTO TOURIST VALUES('FERMORE',  'SUBSEQUENT');
INSERT INTO TOURIST VALUES('GILBURRY', 'MUTE');
INSERT INTO TOURIST VALUES('GILLIN',   'KERBIN');
INSERT INTO TOURIST VALUES('KAFEN',    'SUBSEQUENT');
INSERT INTO TOURIST VALUES('MOLY',     'MUTE');
INSERT INTO TOURIST VALUES('SUFEN',    'MUTE');
INSERT INTO TOURIST VALUES('TIBIN',    'SUBSEQUENT');
INSERT INTO TOURIST VALUES('VALLAN',   'KERBIN');

INSERT INTO FLIGHT VALUES(1,  'SUBSEQUENT', 'KERBIN',     'MINMUS', 3);
INSERT INTO FLIGHT VALUES(2,  'KERBIN',     'SUBSEQUENT', null,     3);
INSERT INTO FLIGHT VALUES(3,  'SUBSEQUENT', 'KERBIN',     null,     3);
INSERT INTO FLIGHT VALUES(4,  'SUBSEQUENT', 'MUTE',       null,     3);
INSERT INTO FLIGHT VALUES(5,  'MUTE',       'KERBIN',     null,     3);
INSERT INTO FLIGHT VALUES(6,  'KERBIN',     'MUTE',       null,     3);
INSERT INTO FLIGHT VALUES(7,  'MUTE',       'MINMUS',     null,     2);
INSERT INTO FLIGHT VALUES(8,  'MINMUS',     'MUTE',       null,     2);
INSERT INTO FLIGHT VALUES(9,  'KERBIN',     'KERBIN',     'MINMUS', 3);
INSERT INTO FLIGHT VALUES(10, 'SUBSEQUENT', 'MUN',        null,     2);
INSERT INTO FLIGHT VALUES(11, 'MUN',        'SUBSEQUENT', null,     2);
INSERT INTO FLIGHT VALUES(12, 'KERBIN',     'KERBIN',     'MUN',    3);

INSERT INTO VESSEL VALUES ('ADORABLE',   'MUTE',       2);
INSERT INTO VESSEL VALUES ('ARUPT',      'SUBSEQUENT', 3);
INSERT INTO VESSEL VALUES ('CASSANDRA',  'MUTE',       3);
INSERT INTO VESSEL VALUES ('SYNONYMOUS', 'SUBSEQUENT', 2);

-- NO MISSIONS

INSERT INTO TOURIST_ITINERARY VALUES (89,  'FERMORE',  1,  null,   null);
INSERT INTO TOURIST_ITINERARY VALUES (91,  'TIBIN',    1,  null,   null);
INSERT INTO TOURIST_ITINERARY VALUES (116, 'SUFEN',    5,  null,   null);
INSERT INTO TOURIST_ITINERARY VALUES (117, 'VALLAN',  12,  null,   null);
INSERT INTO TOURIST_ITINERARY VALUES (132, 'MOLY',     5,  null,   null);
INSERT INTO TOURIST_ITINERARY VALUES (137, 'GILBURRY', 7,  null,   null);
INSERT INTO TOURIST_ITINERARY VALUES (138, 'GILBURRY', 8,   137,   null);
INSERT INTO TOURIST_ITINERARY VALUES (139, 'GILBURRY', 5,   138,   null);
INSERT INTO TOURIST_ITINERARY VALUES (145, 'GILLIN',   9,  null,   null);
INSERT INTO TOURIST_ITINERARY VALUES (155, 'KAFEN',    3,  null,   null);